Submission ID,GitHub Issue,Status,Created,Notes
a781de4c-161b-40ce-80b8-a9164de7178c,N/A,InProgress,2026-01-19,In Progress (No Issue Yet)
394fe938-95ae-4f52-97cb-260314b61439,N/A,InProgress,2026-01-15,In Progress (No Issue Yet)
762d3426-5832-4ecb-9d5a-7ae4d5782ffd,N/A,InProgress,2026-01-09,In Progress (No Issue Yet)
36d5be2f-279b-46a4-9552-bf511a1e38fc,N/A,InProgress,2026-01-08,In Progress (No Issue Yet)
07306494-98eb-4871-a485-8ae9cebb9201,N/A,InProgress,2026-01-08,In Progress (No Issue Yet)
bb6bc3ec-ea8d-45af-b605-2b36c0e23a6b,1520,SubmittedPendingReview,2026-01-08,API Match
a7208db9-5ddc-4ee3-a5ea-b1b2b1bb3b68,N/A,InProgress,2026-01-07,In Progress (No Issue Yet)
92640af8-356f-4aa0-9e73-23d3a21d9be3,N/A,InProgress,2025-12-19,In Progress (No Issue Yet)
aed90416-b83e-4c04-ad38-35c63792e5bd,N/A,InProgress,2025-12-19,In Progress (No Issue Yet)
956d31e8-d99c-4330-8ef3-a37e61e803f0,N/A,InProgress,2025-12-19,In Progress (No Issue Yet)
8018d81f-ab47-4b67-a28a-3939c60f1f62,N/A,InProgress,2025-12-19,In Progress (No Issue Yet)
2d5c139b-66a6-4b7c-adb2-2b66d03d9869,N/A,InProgress,2025-12-17,In Progress (No Issue Yet)
159552e3-dd89-42e5-b1d6-f688f32c24e6,N/A,InProgress,2025-12-17,In Progress (No Issue Yet)
c9bf9ca2-0878-403c-a159-c8bb9e2d795f,1528,InProgress,2025-12-17,API Match
35ea7696-825b-496b-aa86-1c62a5146f21,N/A,InProgress,2025-12-16,In Progress (No Issue Yet)
d3a62f46-dc73-4b53-b69b-f8930ac8e2ee,1512,ApprovedPendingUserFacility,2025-12-16,API Match
9631161d-12d6-45f0-8aee-e20494eef7da,N/A,InProgress,2025-12-15,In Progress (No Issue Yet)
e81eb624-9583-4151-9bdb-2b824e03b730,N/A,InProgress,2025-12-12,In Progress (No Issue Yet)
26a80f99-a007-4a97-80de-b60b4d7ce5fa,1507,ApprovedPendingUserFacility,2025-12-12,API Match
557cd086-5438-406c-85e7-95e3ecee30e1,N/A,InProgress,2025-12-10,In Progress (No Issue Yet)
59a26b0e-71e7-4582-8314-0a776e2c13ad,N/A,InProgress,2025-12-10,In Progress (No Issue Yet)
4cd90572-e3a7-48ff-a655-175e4f15fc62,N/A,InProgress,2025-12-10,In Progress (No Issue Yet)
ee06544b-ae4e-4850-9396-1aa676f67dfd,N/A,InProgress,2025-12-10,In Progress (No Issue Yet)
c239da16-fa20-4a02-b94d-aa9026b00a4c,1513,ApprovedPendingUserFacility,2025-12-10,API Match
04321664-6590-4118-a740-e3d31fb929d3,1500,InProgress,2025-12-08,API Match
a2d23dd5-5d90-4219-914c-be5e75cf6e1c,N/A,InProgress,2025-12-04,In Progress (No Issue Yet)
05e84d6d-6cab-4646-8cef-c8105454fc89,N/A,InProgress,2025-12-04,In Progress (No Issue Yet)
3d75e6ac-4d20-45c6-9d24-889d67e986ca,1499,SubmittedPendingReview,2025-12-04,API Match
93dfcec5-cac2-44f0-a25f-648603e2368f,N/A,InProgress,2025-12-03,In Progress (No Issue Yet)
fb6f9694-04a2-4f34-9246-be3844be6568,N/A,InProgress,2025-12-02,In Progress (No Issue Yet)
d868bee1-c03e-4609-8054-3ded9e887ec4,N/A,InProgress,2025-11-26,In Progress (No Issue Yet)
b6b9016f-174f-478a-893f-9d1e306fa174,N/A,InProgress,2025-11-21,In Progress (No Issue Yet)
4ea3cb7c-73f6-44f2-bc11-6980a64b9907,N/A,InProgress,2025-11-21,In Progress (No Issue Yet)
88ab4b4f-3a2e-40e3-ac28-c0691e726c53,N/A,InProgress,2025-11-21,In Progress (No Issue Yet)
761fda07-8953-4d65-b828-b368db54a42f,N/A,InProgress,2025-11-21,In Progress (No Issue Yet)
ac0e7d66-09e4-4cc8-b843-89ee95319800,N/A,InProgress,2025-11-21,In Progress (No Issue Yet)
479eec53-9402-46bb-9e3d-a8a070ea79f1,N/A,InProgress,2025-11-21,In Progress (No Issue Yet)
44a3bcfb-cf4b-4717-bab1-85f604f8ef60,N/A,InProgress,2025-11-21,In Progress (No Issue Yet)
392720d1-13a0-47c4-b598-ac8d463c6b47,N/A,InProgress,2025-11-21,In Progress (No Issue Yet)
9e7f8c9b-d452-44f5-807b-d3172b2a9e2a,N/A,InProgress,2025-11-21,In Progress (No Issue Yet)
a4cb4fd5-758f-4558-82a7-645de168356e,N/A,InProgress,2025-11-21,In Progress (No Issue Yet)
94e56998-0381-4849-982e-bb7b4a2c9890,N/A,InProgress,2025-11-21,In Progress (No Issue Yet)
3905e80b-8da3-48b5-9a70-497f7aab9155,N/A,InProgress,2025-11-21,In Progress (No Issue Yet)
b74bea1b-881a-4c9a-8b6f-07c1a28e4435,N/A,InProgress,2025-11-21,In Progress (No Issue Yet)
ade1cea4-76fa-4254-abd1-426562a6292d,N/A,InProgress,2025-11-21,In Progress (No Issue Yet)
954f3a3b-6b8b-42ac-874e-5e3c24555c8d,N/A,InProgress,2025-11-21,In Progress (No Issue Yet)
7eef1d8d-eba1-4cfb-b995-35bc7c254a8a,N/A,InProgress,2025-11-21,In Progress (No Issue Yet)
e5bb03f4-f6c0-47f0-a816-2a3f636bcca1,N/A,InProgress,2025-11-21,In Progress (No Issue Yet)
e4d1c0d2-fc13-4122-b5d8-3e9b3c2e2f29,N/A,InProgress,2025-11-21,In Progress (No Issue Yet)
33591d0d-46cc-44f5-9819-812158dc3178,N/A,InProgress,2025-11-21,In Progress (No Issue Yet)
812217b1-8121-4944-87ee-97daea52c5d3,N/A,InProgress,2025-11-21,In Progress (No Issue Yet)
7d8d3cca-94d4-40f4-96e3-fd464b9aade5,N/A,InProgress,2025-11-21,In Progress (No Issue Yet)
462daa79-1cd4-44f7-bd14-20ac126295d4,N/A,InProgress,2025-11-21,In Progress (No Issue Yet)
da846194-a5f3-466e-b009-b764b72120c0,N/A,InProgress,2025-11-21,In Progress (No Issue Yet)
37b513ca-63b7-4a37-9135-620a81e2f33d,N/A,InProgress,2025-11-21,In Progress (No Issue Yet)
9bd671cc-1f71-478b-b9b1-8f72e231f7ed,N/A,InProgress,2025-11-21,In Progress (No Issue Yet)
e827d8cd-ed4f-4fe2-8d66-499d2b92096e,1469,SubmittedPendingReview,2025-11-21,API Match
535380be-3628-4b90-934a-88c2d2cb1c01,1468,SubmittedPendingReview,2025-11-21,API Match
902a555b-53d0-4984-ad83-34288aa50ef4,1470,SubmittedPendingReview,2025-11-21,API Match
bc3400db-5170-490f-be5b-0d7121ece3a8,N/A,InProgress,2025-11-18,In Progress (No Issue Yet)
476391f9-4154-4fb6-9971-147d08db2ebe,1466,ApprovedPendingUserFacility,2025-11-17,API Match
643ee456-e856-4d0d-b9d0-192e1c47914d,N/A,InProgress,2025-11-13,In Progress (No Issue Yet)
9a7a6007-d62b-4843-94d5-6c76fe0402af,N/A,InProgress,2025-11-13,In Progress (No Issue Yet)
fc8ef612-8f39-454b-b92c-650257660a75,1462,ApprovedPendingUserFacility,2025-11-13,API Match
ec1b7e7d-d2bd-49e2-9592-1d4af4530992,N/A,InProgress,2025-11-12,In Progress (No Issue Yet)
6b5adce3-08b9-4835-83e1-b04363e263a4,N/A,InProgress,2025-11-11,In Progress (No Issue Yet)
45522db6-bbd2-4617-98fd-b39773c7d6c9,N/A,InProgress,2025-11-10,In Progress (No Issue Yet)
f1c5659f-6069-4e30-b87a-65ebe2376542,N/A,InProgress,2025-11-09,In Progress (No Issue Yet)
d4776964-643b-4141-8fe0-9156b2b8a73b,N/A,InProgress,2025-11-08,In Progress (No Issue Yet)
3ddebb9a-d54b-457a-b93e-eddeb15d0ae9,N/A,InProgress,2025-11-07,In Progress (No Issue Yet)
1e2f2cf5-3335-4bf7-8569-b2c1dc702cd2,N/A,InProgress,2025-11-07,In Progress (No Issue Yet)
3386e426-7678-43f6-9fea-0d49bbf05513,N/A,InProgress,2025-11-07,In Progress (No Issue Yet)
6b768d90-9808-43e6-98bf-be691e690382,N/A,InProgress,2025-11-06,In Progress (No Issue Yet)
4c03a633-c7c1-4c7b-9d3f-b16b279b4782,N/A,SubmittedPendingReview,2025-11-06,No Issue (Confirmed OK)
439184c7-bd57-4931-a41a-fa5d3c92b261,N/A,InProgress,2025-11-06,In Progress (No Issue Yet)
098b861f-e932-4f3d-b62d-c66496734bd8,N/A,InProgress,2025-11-06,In Progress (No Issue Yet)
8d7a5333-bc13-40d1-a59c-fed594cb5605,N/A,InProgress,2025-11-06,In Progress (No Issue Yet)
4bc43e9b-8924-4d82-b5e0-65336aa62e3b,N/A,InProgress,2025-11-06,In Progress (No Issue Yet)
584ebdd1-edef-4fc1-966b-ec31ca219ef2,1460,SubmittedPendingReview,2025-11-06,API Match
3fd20b1f-f37e-42ab-8b20-f20dab0cdd06,N/A,InProgress,2025-11-04,In Progress (No Issue Yet)
2b51f087-6c08-4c10-b99c-cc51516da4f1,N/A,InProgress,2025-11-04,In Progress (No Issue Yet)
1b471e70-503b-4592-9934-c91c25508162,1458,ApprovedPendingUserFacility,2025-11-04,API Match
3946dfa5-2e00-4ee5-b58b-bfd97711a50c,N/A,SubmittedPendingReview,2025-11-03,No Issue (Confirmed OK)
f259508b-8703-43e5-bd32-2bf3c81b4bd2,N/A,InProgress,2025-10-31,In Progress (No Issue Yet)
b9e61310-d68d-4218-a2df-1aa77b944557,N/A,InProgress,2025-10-31,In Progress (No Issue Yet)
646c0e8c-564f-4c17-a472-af9bdbf90f63,1457,ApprovedPendingUserFacility,2025-10-31,API Match
3db00231-772f-47f1-8cad-30740a502e7d,N/A,InProgress,2025-10-31,In Progress (No Issue Yet)
5d65c80c-f293-4d0a-8409-3f1a606c9f8c,1459,SubmittedPendingReview,2025-10-31,API Match
f58aaeec-f213-4f1b-849f-e122259ae786,1517,ApprovedPendingUserFacility,2025-10-31,API Match
e9af3614-f9f0-4b99-9d0c-695e65aaa002,N/A,InProgress,2025-10-30,In Progress (No Issue Yet)
792f57f0-3480-42c0-9967-ef2a3ef3b539,N/A,InProgress,2025-10-30,In Progress (No Issue Yet)
993b2eaa-9773-4811-8f8e-e61985a29aa5,N/A,InProgress,2025-10-30,In Progress (No Issue Yet)
ad2b1e4b-0c1b-4e6d-85e1-b16409dc8791,N/A,SubmittedPendingReview,2025-10-30,No Issue (Confirmed OK)
188fe857-2916-4ced-83a3-b6332044fafa,N/A,InProgress,2025-10-30,In Progress (No Issue Yet)
af3161b4-1ff3-44f6-8c96-b48d8bbfce13,N/A,InProgress,2025-10-30,In Progress (No Issue Yet)
f21f43b2-f1ff-4574-8e50-6eb7c0e69645,N/A,InProgress,2025-10-29,In Progress (No Issue Yet)
0dd6f5a0-0556-4326-8869-698f6f84984f,N/A,InProgress,2025-10-29,In Progress (No Issue Yet)
b556b3e8-6627-4938-acca-3efe63dc107d,N/A,InProgress,2025-10-29,In Progress (No Issue Yet)
b1ccd9c4-d10a-42d0-a9d8-4dc0c5efa3b5,N/A,InProgress,2025-10-29,In Progress (No Issue Yet)
4d30d66e-4432-4613-8519-376e038415a5,1461,ApprovedHeld,2025-10-29,API Match
e048e611-f414-44fb-819a-05e0e5e785ee,N/A,InProgress,2025-10-28,In Progress (No Issue Yet)
dcdda144-ccca-4323-bd5e-17f8fb04fce1,N/A,InProgress,2025-10-27,In Progress (No Issue Yet)
67ab3ab2-fea6-4290-84d3-fb04763ae445,N/A,InProgress,2025-10-26,In Progress (No Issue Yet)
bb7e212d-1445-4a51-9c8f-6a0554e8a57b,N/A,InProgress,2025-10-24,In Progress (No Issue Yet)
93075e89-b8f8-4a50-bfa0-0a637fbfda3e,N/A,InProgress,2025-10-23,In Progress (No Issue Yet)
555ae270-deb2-4760-a989-4611889e2155,N/A,InProgress,2025-10-22,In Progress (No Issue Yet)
edc3178a-592a-461f-8fc4-d959d02a05b0,1440,SubmittedPendingReview,2025-10-22,API Match
34bdf78d-32b3-4148-930f-10b40a9e9c9f,N/A,InProgress,2025-10-21,In Progress (No Issue Yet)
35baef1b-f24b-4cf5-a7cb-8c064c51506b,N/A,InProgress,2025-10-21,In Progress (No Issue Yet)
879244c4-cb80-463f-92c9-0714028c0ca9,N/A,InProgress,2025-10-21,In Progress (No Issue Yet)
51adb7e5-6948-4c8b-aaa9-1f5f468f4249,N/A,InProgress,2025-10-21,In Progress (No Issue Yet)
cedd999f-b339-4386-9b02-03a42920444b,1526,SubmittedPendingReview,2025-10-21,API Match
acc5969a-b190-4d65-89b2-391b46ff9339,N/A,InProgress,2025-10-20,In Progress (No Issue Yet)
a6f53548-9729-43ee-b0f4-1075a47dde24,N/A,SubmittedPendingReview,2025-10-20,No Issue (Confirmed OK)
72c4116f-ee04-464f-b303-fdc48c5a3b19,N/A,InProgress,2025-10-08,In Progress (No Issue Yet)
d05dec15-9004-4eff-99f8-f98c373e785c,N/A,InProgress,2025-10-08,In Progress (No Issue Yet)
48e621f2-4b84-468a-aca8-01e3eb71e387,N/A,InProgress,2025-10-07,In Progress (No Issue Yet)
236d28d9-4c5a-44dd-9cb0-ea467d23dc3a,N/A,InProgress,2025-10-07,In Progress (No Issue Yet)
78e464e4-df7a-448f-8f5b-cec4c709852e,N/A,InProgress,2025-10-07,In Progress (No Issue Yet)
52b92e3c-e201-4561-b9ef-ff057ffcb412,N/A,InProgress,2025-10-07,In Progress (No Issue Yet)
97615095-10c4-487b-87b3-d498a1a52698,N/A,InProgress,2025-10-07,In Progress (No Issue Yet)
92546d3f-9dce-412b-b45b-3cd38b5060ee,N/A,InProgress,2025-10-07,In Progress (No Issue Yet)
a20bf8b9-86db-4f98-8bde-f9993ebb9822,N/A,InProgress,2025-10-07,In Progress (No Issue Yet)
d74dab3c-83e5-4ec6-acfd-132f9c7168e3,N/A,InProgress,2025-10-07,In Progress (No Issue Yet)
c3d072fe-d07b-48da-8f2b-c0693e3fd290,N/A,InProgress,2025-10-07,In Progress (No Issue Yet)
7733fcba-052a-4d08-9377-c2fcfd860898,N/A,InProgress,2025-10-07,In Progress (No Issue Yet)
2b74c58e-f275-4658-97eb-473a7fcfccfb,N/A,InProgress,2025-10-07,In Progress (No Issue Yet)
b2e01247-88c5-4da2-923d-0a16d4fa7613,N/A,InProgress,2025-10-07,In Progress (No Issue Yet)
841a9658-66ca-4d6b-b26d-6e389a856749,N/A,InProgress,2025-10-07,In Progress (No Issue Yet)
4fe6e646-b31f-4be0-9edf-999c58c7c9c3,N/A,InProgress,2025-10-07,In Progress (No Issue Yet)
03bc066d-23e2-4574-a925-c714612f43b5,N/A,InProgress,2025-10-07,In Progress (No Issue Yet)
07f2e9bd-564c-46cc-8d81-dd4b70e8248f,N/A,InProgress,2025-10-07,In Progress (No Issue Yet)
e9694ecc-ff97-4888-b284-e0056485bbda,N/A,InProgress,2025-10-07,In Progress (No Issue Yet)
a9038ee2-d92e-4fc5-86b0-8885467dce1e,N/A,InProgress,2025-10-07,In Progress (No Issue Yet)
61b7b291-73d9-4b5d-8f0c-ecb70585cd46,N/A,InProgress,2025-10-07,In Progress (No Issue Yet)
05e88197-8ee0-431d-95e8-f73a4eaa3517,N/A,InProgress,2025-10-07,In Progress (No Issue Yet)
64cc03cc-15fa-44f1-94f9-ab8328dbabaa,N/A,InProgress,2025-10-07,In Progress (No Issue Yet)
37983b7d-8c39-4c42-9982-1e8c2806f7b1,N/A,InProgress,2025-10-07,In Progress (No Issue Yet)
3a4ad963-4cf2-4a18-9d04-bcc338de3af0,N/A,InProgress,2025-10-07,In Progress (No Issue Yet)
3964e15d-f609-4852-a1b9-a41a3da304f7,N/A,InProgress,2025-10-07,In Progress (No Issue Yet)
225b6c36-fc44-421e-86b2-c558f1f38732,N/A,InProgress,2025-10-07,In Progress (No Issue Yet)
91c23802-6e7a-4827-9977-930eb00dc6fc,N/A,InProgress,2025-10-07,In Progress (No Issue Yet)
4d41fd44-589c-41e1-804d-977b033c804a,N/A,InProgress,2025-10-07,In Progress (No Issue Yet)
ebb04ec9-c432-4ebb-9daa-4436ac9b686c,N/A,InProgress,2025-10-07,In Progress (No Issue Yet)
2f51295f-d7f7-4374-a7c9-4e9e6353bf15,N/A,InProgress,2025-10-06,In Progress (No Issue Yet)
72e1e65b-560f-4ec2-8bb1-758713458876,N/A,InProgress,2025-10-02,In Progress (No Issue Yet)
8f89bd53-b8a1-4a30-9c9d-de70afa151eb,N/A,InProgress,2025-10-02,In Progress (No Issue Yet)
21d810e6-99cc-4830-80ab-9dd62c36eb82,N/A,InProgress,2025-10-01,In Progress (No Issue Yet)
3aa3c18f-3827-4b05-88c4-b9e973960840,N/A,InProgress,2025-10-01,In Progress (No Issue Yet)
e4bf22eb-61b1-4f64-88d8-dc53ef623303,N/A,InProgress,2025-09-30,In Progress (No Issue Yet)
92b6e069-eb0e-4dee-9a8e-abfe5df25fa1,N/A,InProgress,2025-09-30,In Progress (No Issue Yet)
8df41321-1083-4d68-9de5-e23386271edb,N/A,InProgress,2025-09-30,In Progress (No Issue Yet)
a7b49d3a-ab4b-4f19-a4f3-1a1c60cb3433,N/A,InProgress,2025-09-30,In Progress (No Issue Yet)
d3999f8c-9144-4ac9-b3c8-4a8ffec04ebd,N/A,InProgress,2025-09-30,In Progress (No Issue Yet)
7417095e-027f-474e-915e-0bef588c69a3,N/A,InProgress,2025-09-30,In Progress (No Issue Yet)
9446691f-c416-45be-93d1-3a00ad349431,N/A,InProgress,2025-09-30,In Progress (No Issue Yet)
172a1a4e-4e36-4af8-af54-44718769bd90,N/A,InProgress,2025-09-30,In Progress (No Issue Yet)
791c53f0-433d-4be6-9646-866cf4257b63,N/A,InProgress,2025-09-30,In Progress (No Issue Yet)
e34fd609-e4c1-4dda-a8e0-7bc855ce6926,N/A,InProgress,2025-09-30,In Progress (No Issue Yet)
0fd6d1d8-834b-4d2f-9eaa-fceca60de464,N/A,InProgress,2025-09-30,In Progress (No Issue Yet)
0f71fe7b-b19d-4a17-a506-fc881eb0ff9c,N/A,InProgress,2025-09-30,In Progress (No Issue Yet)
c642e37a-28c2-4cee-8613-337f581ab27c,N/A,InProgress,2025-09-30,In Progress (No Issue Yet)
c698a5de-604a-4dd4-ab0d-c9cb9d98f2e9,N/A,InProgress,2025-09-30,In Progress (No Issue Yet)
accd278d-736c-4f7a-b049-1a876abf6ce1,N/A,InProgress,2025-09-30,In Progress (No Issue Yet)
4c12ae7f-f7fc-4f37-884c-d1253a948e03,N/A,InProgress,2025-09-30,In Progress (No Issue Yet)
b203dec3-be2f-4914-99f3-1a41d221e6be,N/A,InProgress,2025-09-30,In Progress (No Issue Yet)
4ca11967-7afd-4f33-8cf3-8126982037c2,N/A,InProgress,2025-09-30,In Progress (No Issue Yet)
8903269f-49e4-481e-96b1-63f81ffeec91,N/A,InProgress,2025-09-30,In Progress (No Issue Yet)
fa9f8e18-fc7b-4e8d-b157-bc902159d07f,N/A,InProgress,2025-09-30,In Progress (No Issue Yet)
d3037e67-a1dc-42c5-9c53-db9b3cdd3890,N/A,InProgress,2025-09-30,In Progress (No Issue Yet)
3214df5e-4d63-49d9-8af9-8fb26e48bac2,N/A,InProgress,2025-09-29,In Progress (No Issue Yet)
0496b597-69ec-4438-826a-f36bba8ad245,N/A,InProgress,2025-09-29,In Progress (No Issue Yet)
bf1a85bf-f731-41df-8ccc-8dc21373413a,1387,SubmittedPendingReview,2025-09-29,API Match
734689e4-18c5-4e7e-bfa6-7e5cde4a8bf2,N/A,InProgress,2025-09-26,In Progress (No Issue Yet)
87654366-bc6c-4e27-afd7-229c973109d1,N/A,InProgress,2025-09-26,In Progress (No Issue Yet)
986d30f3-8f5f-447b-80b3-e76827b1a4c0,N/A,InProgress,2025-09-26,In Progress (No Issue Yet)
1c3c0e8c-1ea8-47cf-81ed-dc564e4296ee,N/A,InProgress,2025-09-26,In Progress (No Issue Yet)
c53b7d5b-fc17-4f63-b0c0-20ff91c8a1ac,N/A,InProgress,2025-09-25,In Progress (No Issue Yet)
92ccd519-def6-4e3a-9d01-6e7a2bba13f2,1384,SubmittedPendingReview,2025-09-24,API Match
d4552395-0f9c-485d-94fa-be5f14fb2b54,N/A,InProgress,2025-09-23,In Progress (No Issue Yet)
ff939b7c-7487-4e0f-8cd4-b3caed6f8b3d,1378,SubmittedPendingReview,2025-09-19,API Match
3c98ad46-858b-4de1-a40c-706534422899,N/A,InProgress,2025-09-18,In Progress (No Issue Yet)
298c57a6-6178-499c-94ab-bc4c49572acc,1376,SubmittedPendingReview,2025-09-18,API Match
0aa7c4d2-28ef-4e9b-9848-9ac3ec582910,1375,SubmittedPendingReview,2025-09-17,API Match
485a34d2-4df0-4f5b-b997-203fe7ec5d56,N/A,InProgress,2025-09-16,In Progress (No Issue Yet)
338f18d5-cb66-4b07-8cd8-367979853c1d,N/A,InProgress,2025-09-16,In Progress (No Issue Yet)
6d3711cd-acf8-40c5-80da-3b9b075e55ac,N/A,InProgress,2025-09-15,In Progress (No Issue Yet)
1a717e6f-3cf1-4155-b56d-a11f8e8de3fd,1374,SubmittedPendingReview,2025-09-14,API Match
cdcfd6cc-2211-4401-b4d6-e0d80a69075a,N/A,InProgress,2025-09-12,In Progress (No Issue Yet)
0df1f584-828f-457a-9783-f53c964b968f,N/A,InProgress,2025-09-12,In Progress (No Issue Yet)
e6685600-8447-41ae-8cb7-0e2c528e6f08,N/A,InProgress,2025-09-12,In Progress (No Issue Yet)
a336be9a-d601-4530-b737-a190d804088f,N/A,InProgress,2025-09-12,In Progress (No Issue Yet)
92a2ea92-0891-422e-b656-81a16e80dd26,N/A,InProgress,2025-09-12,In Progress (No Issue Yet)
bdfb8822-dc57-4c2f-8049-bcd97b77111b,N/A,InProgress,2025-09-11,In Progress (No Issue Yet)
067e07f0-35ae-41b7-a99a-a3527957fc78,N/A,InProgress,2025-09-10,In Progress (No Issue Yet)
a30279b9-128f-4f4f-aa26-531a2c57f759,N/A,InProgress,2025-09-09,In Progress (No Issue Yet)
b57a625c-92fd-4767-a0f9-22945437e1bb,N/A,InProgress,2025-09-08,In Progress (No Issue Yet)
068a1f2b-7b7a-4d13-a4d8-d9b650f0de8a,N/A,InProgress,2025-09-08,In Progress (No Issue Yet)
a849ed8f-c1ec-4048-883d-ab38bc00e428,N/A,InProgress,2025-09-08,In Progress (No Issue Yet)
b33c92f3-0964-4d3a-9dda-6c7866ed4038,N/A,InProgress,2025-09-08,In Progress (No Issue Yet)
8800f664-b459-49ea-9230-8f2ddbed2eea,N/A,InProgress,2025-09-06,In Progress (No Issue Yet)
1bf24fa5-1eb8-4ec3-be15-d4d19c959b4f,1371,SubmittedPendingReview,2025-09-05,API Match
4790b62a-3e67-43b8-a36e-2f29d7daf4f7,N/A,InProgress,2025-09-05,In Progress (No Issue Yet)
bd7fb8b7-fe21-43a1-a87b-69983d9bbe06,1370,SubmittedPendingReview,2025-09-05,API Match
f926d61d-6475-4c7c-ad44-a5d244710526,N/A,InProgress,2025-09-03,In Progress (No Issue Yet)
2b0db9fe-fa1f-42af-a400-4e9312fbbfc7,1364,SubmittedPendingReview,2025-09-03,API Match
548b2f5b-27f8-4f4d-ab36-2d5c575c5ad5,N/A,InProgress,2025-09-02,In Progress (No Issue Yet)
4a967e29-cb4f-40c2-8afe-dc1d2f2a7d21,N/A,InProgress,2025-09-02,In Progress (No Issue Yet)
6b5b56bd-31b7-42f6-aaa7-d59dbd7245e3,N/A,InProgress,2025-09-02,In Progress (No Issue Yet)
0a5e2465-709b-4106-b0f6-2ea6821a224f,N/A,InProgress,2025-09-02,In Progress (No Issue Yet)
d3796d9f-6612-451d-9dc0-e6a8714cbbbb,N/A,InProgress,2025-09-02,In Progress (No Issue Yet)
17e3724a-74ef-481e-b731-d0b91e3fe280,1363,SubmittedPendingReview,2025-09-02,API Match
1efa01f4-2298-4ecb-99af-6e03d8898534,1357,SubmittedPendingReview,2025-08-29,Manual Match
07a38129-152c-49f1-9960-acb740fc4ecc,N/A,InProgress,2025-08-29,In Progress (No Issue Yet)
1ebe682f-8bd3-415a-97f3-abe078270d0f,N/A,InProgress,2025-08-28,In Progress (No Issue Yet)
6a4cc27d-dd06-4677-b5c3-537a43507e80,N/A,InProgress,2025-08-26,In Progress (No Issue Yet)
a2d43793-9011-4626-a215-f9e460cdc7eb,1356,ApprovedHeld,2025-08-26,API Match
37874ce7-50c2-4838-8a43-20b55e286791,1403,ApprovedHeld,2025-08-26,API Match
b23188f2-8c1c-44b8-b2f8-9548c564282d,1366,ApprovedPendingUserFacility,2025-08-25,Manual Match
9019e1ac-2815-40e9-87f9-1dfb3c1948dd,N/A,InProgress,2025-08-25,In Progress (No Issue Yet)
9e25dfec-def6-4945-9161-4c56a1ab91e1,N/A,InProgress,2025-08-25,In Progress (No Issue Yet)
77965dc2-6d0a-48e3-8e48-e804d442d967,1439,ApprovedHeld,2025-08-21,Manual Match
c0eee449-47bf-430e-8c92-8838184cb70f,N/A,InProgress,2025-08-21,In Progress (No Issue Yet)
5f074939-a83d-4a83-8ffe-229352c99c57,1338,SubmittedPendingReview,2025-08-21,API Match
049056e5-2624-4ba1-9644-c29725df2254,N/A,InProgress,2025-08-20,In Progress (No Issue Yet)
cb16ebe1-e037-486e-8db9-ad901775ca09,N/A,InProgress,2025-08-20,In Progress (No Issue Yet)
6f7fa44c-5e98-4927-b1ef-a231592c5ee6,N/A,InProgress,2025-08-19,In Progress (No Issue Yet)
965c4f08-d628-4131-be24-b9cb1bb11c37,1334,SubmittedPendingReview,2025-08-19,API Match
db30b8b3-3376-455f-94dc-e0d396d577c9,N/A,InProgress,2025-08-18,In Progress (No Issue Yet)
df097b4b-d007-44d7-93f0-ed0bf59fcb3b,N/A,InProgress,2025-08-18,In Progress (No Issue Yet)
47a10f8b-71f1-4e0f-a831-29ffaedfed20,N/A,InProgress,2025-08-18,In Progress (No Issue Yet)
9aa817c8-4e03-4fef-bfc4-e09166802bb4,1333,SubmittedPendingReview,2025-08-18,API Match
eb647989-b3ae-43b8-889c-80ba5edb493e,N/A,InProgress,2025-08-18,In Progress (No Issue Yet)
6b1823f5-7ce0-4888-a9e3-fef02e6b04a1,N/A,InProgress,2025-08-13,In Progress (No Issue Yet)
59803175-6d94-4c2d-979b-36a132429248,1325,SubmittedPendingReview,2025-08-12,API Match
1a562340-936e-4238-b867-7bbcb88d2d69,N/A,InProgress,2025-08-11,In Progress (No Issue Yet)
ca5305d8-4e37-4485-8510-f2cb74ef8a50,N/A,InProgress,2025-08-08,In Progress (No Issue Yet)
8c900511-1710-4f28-a5e1-a3d71b6731ec,N/A,InProgress,2025-08-07,In Progress (No Issue Yet)
14fc18c0-a8c6-4a4d-ae8f-cfad362e08d7,N/A,InProgress,2025-08-07,In Progress (No Issue Yet)
063beff0-4631-4cf5-af77-d3361741b4c3,N/A,InProgress,2025-08-06,In Progress (No Issue Yet)
28e0b045-db80-463c-b70e-105a3bdab7e1,N/A,InProgress,2025-08-05,In Progress (No Issue Yet)
47ae614b-8a94-4fd0-9a9b-5defbf739a3b,N/A,InProgress,2025-08-01,In Progress (No Issue Yet)
c327a0c9-1f80-44bd-864e-c5206e675752,N/A,InProgress,2025-07-31,In Progress (No Issue Yet)
768e2b9d-64db-4919-81ea-1aef7fb08c7c,N/A,InProgress,2025-07-31,In Progress (No Issue Yet)
6a78622d-23f3-4d04-8c84-d4efbfd61c41,1382,SubmittedPendingReview,2025-07-31,API Match
3bac9379-c322-4658-899e-27f1cec4b86a,N/A,InProgress,2025-07-28,In Progress (No Issue Yet)
a89979b6-fc3e-4df8-a2dc-cfe782e65ab6,N/A,InProgress,2025-07-25,In Progress (No Issue Yet)
1de883bb-9e19-42cb-8334-6b087a750a91,N/A,InProgress,2025-07-25,In Progress (No Issue Yet)
7399ba7e-c89d-4992-bce6-b546bb14d1f6,N/A,InProgress,2025-07-25,In Progress (No Issue Yet)
05f55317-ee52-4462-8d87-1b7a851ab1df,N/A,InProgress,2025-07-24,In Progress (No Issue Yet)
18e40143-68f5-4034-8076-bd51adee684c,N/A,InProgress,2025-07-23,In Progress (No Issue Yet)
cf55170c-8a5d-46c1-8889-76bc7791f038,N/A,InProgress,2025-07-23,In Progress (No Issue Yet)
47bb8d65-97e5-4823-aa2b-3606a04c29e4,1299,SubmittedPendingReview,2025-07-22,API Match
b06fca41-c940-469d-b194-a3eb09ca14ff,N/A,InProgress,2025-07-15,In Progress (No Issue Yet)
b0167a13-ea0a-44e7-8749-709a134f2377,N/A,InProgress,2025-07-15,In Progress (No Issue Yet)
de749907-ad52-4c2a-90d3-551efc3f663c,N/A,InProgress,2025-07-15,In Progress (No Issue Yet)
7a135985-716a-4182-b97a-23e3f8d633f2,N/A,InProgress,2025-07-15,In Progress (No Issue Yet)
7879ad75-0dad-4839-9331-5ea6e0035134,N/A,InProgress,2025-07-15,In Progress (No Issue Yet)
2cb826cc-a25e-4252-b84e-764ecbaa34fe,N/A,InProgress,2025-07-15,In Progress (No Issue Yet)
92f1b2ff-0de5-4452-be5d-1dedc275da34,N/A,InProgress,2025-07-14,In Progress (No Issue Yet)
85abdfad-6022-4957-801c-b4dc67158c16,N/A,InProgress,2025-07-10,In Progress (No Issue Yet)
3805bba8-fac8-4df3-90ad-9751e023bbae,N/A,InProgress,2025-07-10,In Progress (No Issue Yet)
9719a9c8-5947-4c27-b7e0-fc48d489741e,N/A,InProgress,2025-07-09,In Progress (No Issue Yet)
76ab31d8-8f68-4b4f-87fa-a6415b6af245,N/A,InProgress,2025-07-08,In Progress (No Issue Yet)
6b01a94a-279a-4033-a844-0c0cde020eb6,N/A,InProgress,2025-07-04,In Progress (No Issue Yet)
a3c3b3cf-cfc7-4102-a346-fc7fdd945a25,N/A,InProgress,2025-07-04,In Progress (No Issue Yet)
591108e8-0974-47dd-93f4-1834627820fd,N/A,InProgress,2025-07-03,In Progress (No Issue Yet)
dc85235f-1b3c-43ba-895f-1ec8f942828b,1278,ApprovedPendingUserFacility,2025-07-03,API Match
3ccbbe53-14ab-4240-9c22-9de5fc40c4ab,N/A,InProgress,2025-07-02,In Progress (No Issue Yet)
43283e27-2104-4616-b37f-7a0db90107d7,N/A,InProgress,2025-07-02,In Progress (No Issue Yet)
004a7518-3a27-45fc-9e28-fa8a5147e3c3,N/A,InProgress,2025-07-02,In Progress (No Issue Yet)
ebd5a60f-d6bc-4cbf-9682-f92bc6e20ba3,N/A,InProgress,2025-07-02,In Progress (No Issue Yet)
2b85c795-7963-4f08-a46d-298d22a58909,N/A,InProgress,2025-07-01,In Progress (No Issue Yet)
58f06931-8c2b-4a06-b2f7-8bb3578bfc80,N/A,InProgress,2025-07-01,In Progress (No Issue Yet)
967b58bc-105c-4b29-8fe3-0214959e184d,N/A,InProgress,2025-07-01,In Progress (No Issue Yet)
99243dc1-9538-453c-bac9-205362be3576,N/A,InProgress,2025-07-01,In Progress (No Issue Yet)
5ffb53aa-2faf-4f64-8c9d-5db0e61442b2,N/A,InProgress,2025-07-01,In Progress (No Issue Yet)
8c3b2c35-fcec-421e-bddb-d4b837f8af7d,N/A,InProgress,2025-07-01,In Progress (No Issue Yet)
06b75b03-6659-485f-8445-91678689456a,N/A,InProgress,2025-07-01,In Progress (No Issue Yet)
549d796d-288e-4056-99e9-23fe1243e01f,N/A,InProgress,2025-07-01,In Progress (No Issue Yet)
7932280e-16cf-46c2-afc6-8d31db787850,N/A,InProgress,2025-07-01,In Progress (No Issue Yet)
b7461737-3e57-4fed-8e7b-4ccc45e663de,N/A,InProgress,2025-07-01,In Progress (No Issue Yet)
0f576b68-b3a3-47d7-b4bf-bd8ae613e0ba,N/A,InProgress,2025-07-01,In Progress (No Issue Yet)
8b3e4c2c-593a-4c2d-b2c6-84a22c152bf2,1289,SubmittedPendingReview,2025-07-01,API Match
e3c120e8-619f-47dd-aa5c-84d5ff11ced5,N/A,InProgress,2025-06-30,In Progress (No Issue Yet)
3028dcc3-4057-41cc-9470-a5870a24c335,N/A,InProgress,2025-06-30,In Progress (No Issue Yet)
b5ac78e5-49b3-405b-a778-93c6c697eaa7,N/A,InProgress,2025-06-30,In Progress (No Issue Yet)
7625ef72-4c43-46e6-8891-9364f40b6185,1402,SubmittedPendingReview,2025-06-26,API Match
9a15ce85-5da3-4f57-8476-1508cba64493,N/A,InProgress,2025-06-25,In Progress (No Issue Yet)
a3aad076-5d83-45dd-b1dc-cd245669ed9b,N/A,InProgress,2025-06-25,In Progress (No Issue Yet)
723030ba-f2d1-45ee-9821-e8d9ca7488f4,N/A,InProgress,2025-06-25,In Progress (No Issue Yet)
e514d99c-1dbf-4953-8172-b6263d83e750,N/A,InProgress,2025-06-25,In Progress (No Issue Yet)
5f2fa8a8-2fdc-4950-9bf7-b36a27c93590,N/A,InProgress,2025-06-25,In Progress (No Issue Yet)
e71e2647-d3c9-4b08-9e08-711c5adf4f3d,1241,SubmittedPendingReview,2025-06-24,API Match
2ea16dee-7487-42f9-b75c-56fd6c4aee4c,N/A,InProgress,2025-06-23,In Progress (No Issue Yet)
09304702-51ed-47c7-a12f-642edbdb7e81,N/A,InProgress,2025-06-23,In Progress (No Issue Yet)
0cb61703-45cf-4c37-9aba-4c58705b1bd2,N/A,InProgress,2025-06-20,In Progress (No Issue Yet)
65f556a0-58b0-4b05-9c6e-278738c17a50,N/A,InProgress,2025-06-18,In Progress (No Issue Yet)
187d4fa7-c5c9-4a27-90b7-981a8bec75eb,N/A,InProgress,2025-06-17,In Progress (No Issue Yet)
4c04fb2b-7a6f-4983-aa4c-52e7b9940c03,N/A,InProgress,2025-06-17,In Progress (No Issue Yet)
64f480ed-433e-4633-9520-b28e6e13deed,N/A,InProgress,2025-06-16,In Progress (No Issue Yet)
fc224778-9f0c-40de-9674-2ba0ccb41ac3,N/A,InProgress,2025-06-16,In Progress (No Issue Yet)
2b36aa51-7809-4265-ab44-24340d8d752b,N/A,InProgress,2025-06-13,In Progress (No Issue Yet)
68b53ffc-3d2d-44a9-8a64-a2d1b0b730af,1401,SubmittedPendingReview,2025-06-13,API Match
b705dee6-ce79-4488-a354-b7fee6aab3bd,1227,SubmittedPendingReview,2025-06-12,API Match
967ae5bf-dde7-4e6f-82d6-0465be266e07,N/A,InProgress,2025-06-11,In Progress (No Issue Yet)
ab43515b-5dc0-41ce-b04b-48edb46fe203,N/A,InProgress,2025-06-11,In Progress (No Issue Yet)
bdd23cf6-b107-4b72-ad61-5e820ab180a6,N/A,InProgress,2025-06-10,In Progress (No Issue Yet)
b1398bc3-7543-4d8b-9590-71faf73c42c3,1225,SubmittedPendingReview,2025-06-10,API Match
e9704b33-d4b5-43fb-9959-746f327f86d2,N/A,InProgress,2025-06-09,In Progress (No Issue Yet)
6fcc537c-38d6-46a6-a69f-d7ec0931ff7a,N/A,InProgress,2025-06-09,In Progress (No Issue Yet)
bb470472-b6ed-4769-9e28-e1e1d8de9819,1228,SubmittedPendingReview,2025-06-09,API Match
0209c339-fff4-4e90-a198-64a1443f28aa,N/A,InProgress,2025-06-06,In Progress (No Issue Yet)
ee7943f9-a983-4ea8-9a3b-2e036c607532,N/A,InProgress,2025-06-06,In Progress (No Issue Yet)
fd148835-a20c-4b05-828d-67d3b4fd37d0,N/A,InProgress,2025-06-05,In Progress (No Issue Yet)
179320d9-fafc-4c08-8a4c-b4ae5f9539b3,N/A,InProgress,2025-06-05,In Progress (No Issue Yet)
b7252065-12fc-4f5d-b219-5ca09d380b6c,1224,SubmittedPendingReview,2025-06-05,API Match
1740acf1-011e-402a-af6c-6ce441a472cc,N/A,InProgress,2025-06-03,In Progress (No Issue Yet)
5c9b65b8-ffa1-44b2-9539-41886a5b449d,N/A,InProgress,2025-05-30,In Progress (No Issue Yet)
c05fdff5-e9e4-4e43-a7a2-a09017600aec,N/A,InProgress,2025-05-29,In Progress (No Issue Yet)
d19a95b2-c48d-470a-a5a7-19adf7a9ad94,N/A,InProgress,2025-05-29,In Progress (No Issue Yet)
3b436374-e97b-47c0-bdc2-edc6befecb62,N/A,InProgress,2025-05-28,In Progress (No Issue Yet)
008e6d64-ae67-4eeb-9f38-0243cd5a938e,N/A,InProgress,2025-05-28,In Progress (No Issue Yet)
604f0528-dc15-4cdc-a503-f7938c4e41d4,N/A,InProgress,2025-05-28,In Progress (No Issue Yet)
ada4e40a-311d-418f-8e65-73028be0f33b,N/A,InProgress,2025-05-26,In Progress (No Issue Yet)
f4668993-1c64-476d-9be1-e973c0139d3d,N/A,InProgress,2025-05-23,In Progress (No Issue Yet)
835f2307-a4be-4b2a-9330-58475fe0e8e1,N/A,InProgress,2025-05-22,In Progress (No Issue Yet)
dfacdb8b-8939-4ce5-89cc-c34a67cdd098,N/A,InProgress,2025-05-22,In Progress (No Issue Yet)
94ebd85c-2644-4980-a66d-cba329cf95c9,N/A,InProgress,2025-05-22,In Progress (No Issue Yet)
1c18c1e9-753b-40cc-9b24-4e476c6f15cf,1220,SubmittedPendingReview,2025-05-22,API Match
6f1d3149-9ff3-48b3-a7e4-738b67caddf0,N/A,InProgress,2025-05-21,In Progress (No Issue Yet)
ad757acc-f829-40e7-802b-3df2d8b820aa,N/A,InProgress,2025-05-21,In Progress (No Issue Yet)
3ae686a9-d546-415d-b047-0988b2c0edec,N/A,InProgress,2025-05-21,In Progress (No Issue Yet)
06b31ddf-ab3f-448f-b45c-d97dba868989,N/A,InProgress,2025-05-21,In Progress (No Issue Yet)
9cecb764-fab8-406d-9f45-192a820e9a66,N/A,InProgress,2025-05-21,In Progress (No Issue Yet)
f624ecb0-8256-439b-89ee-d6cda02a3cb3,N/A,InProgress,2025-05-21,In Progress (No Issue Yet)
590f27a9-eff3-42b1-a373-722a0fb1bd81,N/A,InProgress,2025-05-21,In Progress (No Issue Yet)
4befebd1-a8c8-4175-b3c8-55b014bd4cd6,N/A,InProgress,2025-05-21,In Progress (No Issue Yet)
17d35822-d7b9-499b-a044-0cbac56b0c7c,N/A,InProgress,2025-05-21,In Progress (No Issue Yet)
07eeb266-6593-4885-a9a7-d0708e3d5fdc,N/A,InProgress,2025-05-21,In Progress (No Issue Yet)
6946520f-6c18-4955-8707-b6de0719aac3,N/A,InProgress,2025-05-21,In Progress (No Issue Yet)
ba60cf83-cf39-482a-b4fe-76735a97648a,N/A,InProgress,2025-05-21,In Progress (No Issue Yet)
5328250d-160a-46c5-bffc-8ab309ad8555,N/A,InProgress,2025-05-21,In Progress (No Issue Yet)
c1a743df-4d16-4b34-9288-da5b3104ea54,N/A,InProgress,2025-05-21,In Progress (No Issue Yet)
e1a9567c-1c98-455b-89b1-9e40576f82fe,N/A,InProgress,2025-05-21,In Progress (No Issue Yet)
c406b95f-75d8-4e0a-baf2-187a9cfbf530,N/A,InProgress,2025-05-21,In Progress (No Issue Yet)
f9d01a8c-17ea-48ea-8a38-fb6314259d0b,N/A,InProgress,2025-05-21,In Progress (No Issue Yet)
9e9d4f14-6b1a-46bf-b91b-cfe158f006a4,N/A,InProgress,2025-05-21,In Progress (No Issue Yet)
992dd406-287a-463e-99eb-5cf9499a502d,N/A,InProgress,2025-05-21,In Progress (No Issue Yet)
2f3630af-3dab-4160-8450-ce1839dca6ac,N/A,InProgress,2025-05-21,In Progress (No Issue Yet)
85ff57bd-2db7-4493-9936-9fab3ab207ea,N/A,InProgress,2025-05-20,In Progress (No Issue Yet)
63abf8e1-48a3-4dfd-876d-1f0d1c743309,N/A,InProgress,2025-05-19,In Progress (No Issue Yet)
f5c23245-352a-4b86-b477-0827d16c715b,N/A,InProgress,2025-05-19,In Progress (No Issue Yet)
c18cc8c8-484a-41d7-bb1d-b0a132cbad01,N/A,InProgress,2025-05-19,In Progress (No Issue Yet)
a35673a1-ee75-482b-bc30-2be1eede1d4a,N/A,InProgress,2025-05-19,In Progress (No Issue Yet)
b4f9f070-eb08-4f3d-979c-d10e2fc327d8,N/A,InProgress,2025-05-19,In Progress (No Issue Yet)
987626a8-2b90-4f71-8f43-d74be8224c3c,N/A,InProgress,2025-05-16,In Progress (No Issue Yet)
06448908-057c-42ec-a137-e5eda6261ecd,N/A,InProgress,2025-05-16,In Progress (No Issue Yet)
d1b87ca4-1074-42f0-8945-da65e903ac66,N/A,InProgress,2025-05-15,In Progress (No Issue Yet)
7aac10f5-dd26-41ff-b1f7-a0120396351d,N/A,InProgress,2025-05-13,In Progress (No Issue Yet)
1f44d536-252e-439e-af34-bc6e2c655818,N/A,InProgress,2025-05-13,In Progress (No Issue Yet)
7e291f8d-36ea-4d26-b6c2-163d6d6c3415,N/A,InProgress,2025-05-12,In Progress (No Issue Yet)
fba4820d-61fd-4ebc-9a19-34a1b14fb653,N/A,InProgress,2025-05-08,In Progress (No Issue Yet)
ca7b0cc1-36d1-4b0c-90fb-590d69e8cf62,N/A,InProgress,2025-05-07,In Progress (No Issue Yet)
acdf7584-9b41-4618-9a76-a363b55bcd10,N/A,InProgress,2025-05-07,In Progress (No Issue Yet)
f304a948-5995-44ae-a179-b96b7f7a019f,N/A,InProgress,2025-05-07,In Progress (No Issue Yet)
3b4c55b8-f740-47aa-bbba-359d2ccad092,1198,ApprovedHeld,2025-05-07,API Match
64ec82a4-6eec-4678-81d8-b155f835a8c9,N/A,InProgress,2025-05-06,In Progress (No Issue Yet)
8be0b526-fec5-422b-a5c1-32efe6491d24,N/A,InProgress,2025-05-06,In Progress (No Issue Yet)
2367a4e3-a522-4368-8109-cb2ba2173ef0,N/A,InProgress,2025-05-04,In Progress (No Issue Yet)
6c7e9f37-0b4e-48ff-be72-baa48e57c6cb,N/A,InProgress,2025-05-01,In Progress (No Issue Yet)
173ffab2-a053-440a-bce9-d6de03affa93,N/A,InProgress,2025-04-30,In Progress (No Issue Yet)
eb79e222-b7b7-4c6d-a7b1-4f076cff60c8,N/A,InProgress,2025-04-29,In Progress (No Issue Yet)
e05bcad7-028b-4bc7-9e1b-b77fdb7d61d8,N/A,InProgress,2025-04-29,In Progress (No Issue Yet)
9e09a3f7-4ea1-4903-b2f8-2b28341fb036,N/A,InProgress,2025-04-29,In Progress (No Issue Yet)
c90dea20-1049-47e6-ae49-d8b7b2b1a104,N/A,InProgress,2025-04-29,In Progress (No Issue Yet)
6df8822d-f190-4436-96c0-3a600194576c,N/A,InProgress,2025-04-29,In Progress (No Issue Yet)
210a0035-c339-4090-be2a-e3bd99321103,1190,SubmittedPendingReview,2025-04-29,API Match
8c0da59f-91bb-455f-b1e9-cdf47368b305,N/A,InProgress,2025-04-28,In Progress (No Issue Yet)
22c048d1-56e2-453c-b83d-02407aa72601,N/A,InProgress,2025-04-28,In Progress (No Issue Yet)
63c6ac9e-b718-4426-84b1-15f77b435e17,N/A,InProgress,2025-04-25,In Progress (No Issue Yet)
27d83926-44d6-4bfe-b9a9-af73c411e5b4,N/A,InProgress,2025-04-25,In Progress (No Issue Yet)
9bd98ad3-3110-4f1c-b535-f2da1129f67e,1171,InProgress,2025-04-16,API Match
dfb411cf-c231-4b4f-93a2-eb3d7cc9ac92,N/A,InProgress,2025-04-15,In Progress (No Issue Yet)
fcf34fd7-3e19-4483-8426-5a346fea34f0,N/A,InProgress,2025-04-15,In Progress (No Issue Yet)
e9fe2d5e-e581-4656-9c90-66d2b80811ba,N/A,InProgress,2025-04-12,In Progress (No Issue Yet)
3d78701e-6583-443c-8410-0d7d66a59c97,N/A,InProgress,2025-04-12,In Progress (No Issue Yet)
615569d4-318d-4df6-9e34-7143f3e1e40f,N/A,InProgress,2025-04-12,In Progress (No Issue Yet)
5aeadbd0-11fa-453e-a315-2fb4cd15abfe,N/A,InProgress,2025-04-11,In Progress (No Issue Yet)
a1b9f990-60ee-48c1-aefb-c8e07ee4458e,N/A,InProgress,2025-04-11,In Progress (No Issue Yet)
41a1ddcc-f1b6-4a74-98f0-1b6211dd2a9b,N/A,InProgress,2025-04-11,In Progress (No Issue Yet)
5a4b34e5-f8b7-4006-bc64-4700972c466f,N/A,InProgress,2025-04-10,In Progress (No Issue Yet)
505dd791-5ec9-498d-8828-0d0484a9e68e,N/A,InProgress,2025-04-09,In Progress (No Issue Yet)
15654854-dc29-4447-90fb-fc676fe60c93,1181,SubmittedPendingReview,2025-04-09,API Match
d58c4aa4-374a-4348-9f45-c2d17097294a,N/A,InProgress,2025-04-08,In Progress (No Issue Yet)
1de58a16-54f1-4146-b297-8068eb10e9f8,1149,InProgress,2025-04-08,API Match
eb6bb782-e076-43f2-9a10-bec3dcb794fb,1147,SubmittedPendingReview,2025-04-07,API Match
972cc294-6cc3-4e76-9f58-5be27c40507c,N/A,InProgress,2025-04-06,In Progress (No Issue Yet)
5b0e158b-7b47-44b0-be27-749d1bb946f9,N/A,InProgress,2025-04-05,In Progress (No Issue Yet)
401ed779-f3b7-48a6-8db8-1ef514bd2b61,N/A,InProgress,2025-04-04,In Progress (No Issue Yet)
1e6d7fb6-8f35-44f0-8d29-148c08c3888d,1178,SubmittedPendingReview,2025-04-02,API Match
32045646-9909-4742-a56d-ea6c7425bd48,N/A,InProgress,2025-03-31,In Progress (No Issue Yet)
f9b5395e-80a1-4310-b9bd-954c29eb801a,N/A,InProgress,2025-03-28,In Progress (No Issue Yet)
6b292e90-47f8-4a03-94a3-354760867b59,N/A,InProgress,2025-03-25,In Progress (No Issue Yet)
644ee001-5350-470b-a526-a6df4d66961b,N/A,InProgress,2025-03-25,In Progress (No Issue Yet)
431707c6-9537-4275-ba17-2b1595ddc718,1146,SubmittedPendingReview,2025-03-25,API Match
009e0d0c-e783-4c8d-8b28-dc77e2933b9b,N/A,InProgress,2025-03-19,In Progress (No Issue Yet)
b9b450f9-c0e2-4552-9c8f-70354638ec43,N/A,InProgress,2025-03-19,In Progress (No Issue Yet)
bc37c761-c25d-48b3-abac-80ef709acb61,1170,SubmittedPendingReview,2025-03-19,API Match
e66b72e9-1e0d-4f0c-910d-97ec461e0c2b,1508,ApprovedHeld,2025-03-17,Manual Match
8eee48d8-c96c-4fb8-96f9-ed8f13c0aaf5,1151,SubmittedPendingReview,2025-03-17,API Match
4dcba63a-4ab5-4dc5-85db-e0d79ce3afc8,N/A,InProgress,2025-03-17,In Progress (No Issue Yet)
787330e8-8911-4078-8492-3b1c7afa2435,N/A,InProgress,2025-03-14,In Progress (No Issue Yet)
debc0b21-8c80-4828-8593-5f5916d13d69,N/A,InProgress,2025-03-14,In Progress (No Issue Yet)
ec4108bd-61c1-4c11-872c-b154c3f794cb,1139,SubmittedPendingReview,2025-03-14,API Match
7ab5c37b-d429-4f31-8970-8e766336921b,1128,InProgress,2025-03-13,Manual Match
9728c7ab-59ce-454d-b4f2-ebd77e27a1e5,N/A,InProgress,2025-03-13,In Progress (No Issue Yet)
e21e3caf-c927-48d0-bbb8-0279f52c3d50,N/A,InProgress,2025-03-13,In Progress (No Issue Yet)
52c53a87-def6-4e1f-9cd8-f3a3d0d4d82b,N/A,InProgress,2025-03-12,In Progress (No Issue Yet)
66c08834-cf09-4c9a-b9a7-6bd8287d4b0a,N/A,InProgress,2025-03-12,In Progress (No Issue Yet)
b7787731-ad52-4a9b-a6cd-f855ad9cd576,N/A,InProgress,2025-03-11,In Progress (No Issue Yet)
e8d929f2-56fd-49fd-b148-5448b063783f,N/A,InProgress,2025-03-10,In Progress (No Issue Yet)
238f8790-a48d-4ae6-aaf6-80f02b6ac6bb,N/A,InProgress,2025-03-10,In Progress (No Issue Yet)
41d70a4a-355a-473a-a5f9-5636152b975a,N/A,InProgress,2025-03-10,In Progress (No Issue Yet)
ee2141a6-2805-4cf3-81c1-3c81f9998bff,N/A,InProgress,2025-03-08,In Progress (No Issue Yet)
063639d1-26c2-4a1f-9b13-e5ec72e5ff88,N/A,InProgress,2025-03-07,In Progress (No Issue Yet)
c995ec8f-a43d-46ed-a36f-2d84adc28dbc,N/A,InProgress,2025-03-07,In Progress (No Issue Yet)
532f0047-1a7d-4226-a6f6-b0278e969c13,N/A,InProgress,2025-03-04,In Progress (No Issue Yet)
548710b8-e000-4fc7-b7e8-41a787add1d0,N/A,InProgress,2025-03-03,In Progress (No Issue Yet)
a93284d3-fe9d-442f-a6cf-85bdae8b786d,N/A,InProgress,2025-03-03,In Progress (No Issue Yet)
e6d7e259-2e0d-4350-8ae5-cce9adecbe51,N/A,InProgress,2025-03-03,In Progress (No Issue Yet)
721089db-b07d-409e-b2c2-260ee617a144,N/A,InProgress,2025-02-28,In Progress (No Issue Yet)
2d5856be-42c6-449b-834c-c020b7f0f59d,N/A,InProgress,2025-02-28,In Progress (No Issue Yet)
10b189c9-941b-4dad-b752-0eb099ad77a2,N/A,InProgress,2025-02-27,In Progress (No Issue Yet)
462739ad-f899-4f0b-bdb8-a16a15031bc6,1094,Released,2025-02-26,API Match
d3afdea2-f947-47c0-b8bb-56a9b8cd2788,N/A,InProgress,2025-02-24,In Progress (No Issue Yet)
fa4ea049-1df5-427a-9edd-5f72ba9daa7d,N/A,InProgress,2025-02-20,In Progress (No Issue Yet)
dc5217c1-b497-4045-b3b9-408c81a40361,N/A,InProgress,2025-02-20,In Progress (No Issue Yet)
7237020e-efeb-4b4c-a2ea-6fd9c77cab5d,N/A,InProgress,2025-02-19,In Progress (No Issue Yet)
5b7f3b1c-7c1d-4794-b746-2c19fd10431e,1117,ApprovedPendingUserFacility,2025-02-19,API Match
719d9a5b-e83b-414c-a462-9c4dc7fa32ff,N/A,InProgress,2025-02-13,In Progress (No Issue Yet)
574d66a2-fdc7-4bb1-8890-449be66df437,N/A,InProgress,2025-02-12,In Progress (No Issue Yet)
e15c7268-aacd-4e0c-82ae-21a32e4cb5a0,N/A,InProgress,2025-02-11,In Progress (No Issue Yet)
a0a22298-3bb7-4bb3-8ed6-dff24ad69671,N/A,InProgress,2025-02-11,In Progress (No Issue Yet)
73698423-e18d-4673-93f9-332ee12d0195,N/A,InProgress,2025-02-07,In Progress (No Issue Yet)
f36b508e-4dc0-4c6b-ab5e-448b8453741e,N/A,InProgress,2025-02-06,In Progress (No Issue Yet)
4065dede-da16-483a-9e2f-94474bea2fb3,N/A,InProgress,2025-02-05,In Progress (No Issue Yet)
29cf2d6a-5783-4c9d-ae1d-660d8bf7502e,N/A,InProgress,2025-02-03,In Progress (No Issue Yet)
d33ac136-e934-497b-8ce1-555cb816267f,N/A,InProgress,2025-01-31,In Progress (No Issue Yet)
78865204-991c-43d7-bef4-eaf5e8630b44,N/A,InProgress,2025-01-29,In Progress (No Issue Yet)
01c52edb-7dbc-40c1-a5bf-7cf8e0e58a46,N/A,InProgress,2025-01-28,In Progress (No Issue Yet)
a164c6a2-9e3a-4344-9746-ec5c410b58d6,N/A,InProgress,2025-01-28,In Progress (No Issue Yet)
0f87b20e-0d89-45a0-8650-240a02249adc,N/A,InProgress,2025-01-28,In Progress (No Issue Yet)
6128ea79-f122-4d14-8588-30f06ce3f1f6,1081,SubmittedPendingReview,2025-01-28,API Match
a56d725c-29ed-4411-859c-25cc892a2181,1068,SubmittedPendingReview,2025-01-27,API Match
0369f4b6-3d06-458d-93dc-6df70e72024c,1112,SubmittedPendingReview,2025-01-24,API Match
b321cf22-722d-46dd-ace6-bcfca9850a4e,N/A,InProgress,2025-01-21,In Progress (No Issue Yet)
4d592c83-0ed7-46b1-a2d0-01b478947265,N/A,InProgress,2025-01-20,In Progress (No Issue Yet)
f4fa2072-f3b1-4175-beae-2ed299dfb3e8,N/A,InProgress,2025-01-18,In Progress (No Issue Yet)
1eced560-5f6b-436f-9ccc-4fca9ad2ed48,1099,SubmittedPendingReview,2025-01-15,Manual Match
1eac671c-95ca-46b1-8a65-ac34e628df24,N/A,InProgress,2025-01-14,In Progress (No Issue Yet)
90e35592-aaf2-4882-99db-ee10d77a554d,1031,Released,2025-01-14,API Match
f0f2f176-d99d-445b-bb80-79035e39c32a,N/A,InProgress,2025-01-13,In Progress (No Issue Yet)
a494232a-24d7-4740-869e-c96cda6ad047,1019,SubmittedPendingReview,2025-01-12,API Match
f6fe5a10-a953-4a9d-a267-82dcfadc78d0,N/A,InProgress,2025-01-10,In Progress (No Issue Yet)
1010f6ab-2d8e-48dd-812e-cd8a3bdf0104,N/A,InProgress,2025-01-06,In Progress (No Issue Yet)
78923b6e-0db7-4f98-b032-a0a4693c5b65,N/A,InProgress,2025-01-05,In Progress (No Issue Yet)
5bbebea7-ef72-4b9a-a3cb-7346d943b639,1005,Released,2024-12-29,API Match
22db88b4-db15-44bb-8d04-46a22ff7c9e2,N/A,InProgress,2024-12-17,In Progress (No Issue Yet)
49a56d46-40e6-4f56-9c52-92679dcf198e,992,SubmittedPendingReview,2024-12-16,API Match
94e36ac3-ed0e-486d-bdf8-95cc98abb76c,N/A,InProgress,2024-12-11,In Progress (No Issue Yet)
24d249a7-9a30-40bb-ad40-3f1f59e12887,N/A,InProgress,2024-12-11,In Progress (No Issue Yet)
86918501-14c9-4574-9153-779d8467b41a,N/A,InProgress,2024-12-04,In Progress (No Issue Yet)
7d281b31-631c-4ae5-b2b3-96dd7f83cd35,N/A,InProgress,2024-12-03,In Progress (No Issue Yet)
c6d82b0c-3f6d-43a8-99d0-7f85ebcf7d70,N/A,InProgress,2024-11-25,In Progress (No Issue Yet)
86e4bee3-f8bd-4dfc-a0b8-433944070fec,N/A,InProgress,2024-11-25,In Progress (No Issue Yet)
2636d9c2-0af6-4781-b35d-0bc09177ab66,991,Released,2024-11-19,API Match
63c92f00-3efc-4554-9e64-4de6f9250245,N/A,InProgress,2024-11-18,In Progress (No Issue Yet)
1042600d-8597-44dc-8f58-1126921a0ac2,N/A,InProgress,2024-11-18,In Progress (No Issue Yet)
64d9142a-6642-4ad4-9586-6afab0d0d306,N/A,InProgress,2024-11-16,In Progress (No Issue Yet)
f75c09df-4748-42ce-8a5b-3782e8c1e46e,966,Released,2024-11-11,API Match
7438f294-ca0b-4d95-bfdc-9ba197e4b186,N/A,InProgress,2024-11-11,In Progress (No Issue Yet)
d8213e1e-3afd-46cf-b609-a3f9256cf207,N/A,InProgress,2024-11-03,In Progress (No Issue Yet)
e4cefcd2-fc8f-47c6-9c7b-dd472757210c,N/A,InProgress,2024-10-31,In Progress (No Issue Yet)
023fc21c-fcf2-43f1-bafb-a8f5ab5985c4,N/A,InProgress,2024-10-31,In Progress (No Issue Yet)
70d6805c-ff12-4526-baec-782d87efeef5,N/A,InProgress,2024-10-31,In Progress (No Issue Yet)
5f2231fe-d3be-4c35-bfa9-4a6dc8d8adf9,N/A,InProgress,2024-10-31,In Progress (No Issue Yet)
5062f711-b436-4256-b895-c01e866bcb2d,N/A,InProgress,2024-10-31,In Progress (No Issue Yet)
356ecf67-6b55-4375-9759-081e5fb9ddcd,915,SubmittedPendingReview,2024-10-31,API Match
23eefc97-a455-4ee0-855c-f2d0749d1f4d,N/A,InProgress,2024-10-27,In Progress (No Issue Yet)
4c7b41a9-1c53-4262-aab6-53560f42bcc3,N/A,InProgress,2024-10-26,In Progress (No Issue Yet)
ad924a64-b9e4-4be9-97bd-fc2120165750,N/A,InProgress,2024-10-24,In Progress (No Issue Yet)
57d2629d-1594-4945-8704-d9f9591bed0e,N/A,InProgress,2024-10-23,In Progress (No Issue Yet)
2b42010e-c223-42ba-8bd2-c808265f0110,N/A,InProgress,2024-10-23,In Progress (No Issue Yet)
27e1dce7-05b9-46c5-971f-83fa5da89dbe,N/A,InProgress,2024-10-23,In Progress (No Issue Yet)
78154b8e-2937-4569-a63d-8f50a332285a,N/A,InProgress,2024-10-21,In Progress (No Issue Yet)
8eb33d37-890a-4be1-bb62-8218b6eb72f4,N/A,InProgress,2024-10-03,In Progress (No Issue Yet)
ab64d986-d0ce-4a7d-993f-fea09db438f4,N/A,InProgress,2024-10-03,In Progress (No Issue Yet)
83a7a395-b965-4f3a-8824-68c976120bcb,N/A,InProgress,2024-10-02,In Progress (No Issue Yet)
8f5f1d0a-e9ea-4d81-a62c-78dc5c2e9664,N/A,InProgress,2024-10-02,In Progress (No Issue Yet)
7cbf9201-380b-49ce-8cd1-f3ef9918db4a,N/A,InProgress,2024-10-01,In Progress (No Issue Yet)
d74af529-4459-438f-a60f-b8c6c951a405,N/A,InProgress,2024-09-30,In Progress (No Issue Yet)
245ef3e7-b377-4ee0-8e70-11f07ff8fd95,N/A,InProgress,2024-09-30,In Progress (No Issue Yet)
5b326236-e228-40a4-bbb7-00a4cd794dde,N/A,InProgress,2024-09-30,In Progress (No Issue Yet)
e403fcba-62fc-474a-bc24-1df96c31f8b3,N/A,InProgress,2024-09-30,In Progress (No Issue Yet)
ed96cfc0-1d5f-4f1b-b527-686869fb0cdb,N/A,InProgress,2024-09-30,In Progress (No Issue Yet)
f46558e0-0634-48ff-a2a2-7ebbd038e0b6,N/A,InProgress,2024-09-30,In Progress (No Issue Yet)
1b695c52-c715-4928-b896-db44e90089ce,N/A,InProgress,2024-09-30,In Progress (No Issue Yet)
786cfeaf-b145-4468-adea-da9377cc60ff,N/A,InProgress,2024-09-30,In Progress (No Issue Yet)
a37ae208-5153-4838-9133-3dec97b97b42,N/A,InProgress,2024-09-30,In Progress (No Issue Yet)
06b41c00-e561-4636-937a-4bcb61a4f186,N/A,InProgress,2024-09-30,In Progress (No Issue Yet)
d25db443-9809-496c-b720-fc9122a5228f,N/A,InProgress,2024-09-30,In Progress (No Issue Yet)
027be0ed-d005-4d1a-a4bd-1e48cad1a6c1,N/A,InProgress,2024-09-30,In Progress (No Issue Yet)
7e566a4f-6df0-4b03-b1a3-0d8bcdc17987,N/A,InProgress,2024-09-30,In Progress (No Issue Yet)
317edd6b-2d1e-4116-a593-0e35b1559639,N/A,InProgress,2024-09-28,In Progress (No Issue Yet)
2cb6d598-844a-4bf1-8c35-7851a1cb3d7c,N/A,InProgress,2024-09-26,In Progress (No Issue Yet)
d343f679-7fa3-4ca4-a1b7-d98084cfc875,N/A,InProgress,2024-09-25,In Progress (No Issue Yet)
c9d9f860-7499-49ef-bb13-7d33bccdb3e7,N/A,InProgress,2024-09-25,In Progress (No Issue Yet)
187477ac-b213-4335-b065-c2c536739e28,N/A,InProgress,2024-09-25,In Progress (No Issue Yet)
29bf21b4-9a29-47af-9f2a-d93ea6ce915b,N/A,InProgress,2024-09-24,In Progress (No Issue Yet)
ab242369-7759-4c97-86f5-95bd0faa1dd9,N/A,InProgress,2024-09-24,In Progress (No Issue Yet)
068332d6-0488-465f-b983-96ed807eae52,N/A,InProgress,2024-09-24,In Progress (No Issue Yet)
3186a6d9-7fbb-42e2-9630-bfb89c2a3c60,N/A,InProgress,2024-09-23,In Progress (No Issue Yet)
f7ccae2a-8d4e-4625-9dcb-b8c06d04d5e7,N/A,InProgress,2024-09-23,In Progress (No Issue Yet)
38f8e4d2-545b-4ff7-a24a-a3adb83312ad,N/A,InProgress,2024-09-23,In Progress (No Issue Yet)
4189a04c-c223-49ca-8322-02df361fe98c,N/A,InProgress,2024-09-20,In Progress (No Issue Yet)
3fce94e9-6a84-4f23-b063-d8cf59581240,N/A,InProgress,2024-09-19,In Progress (No Issue Yet)
66c216a1-b38d-4a25-b455-f8d6b5a1fdb3,N/A,InProgress,2024-09-19,In Progress (No Issue Yet)
41937d47-8542-484b-829f-5ecb42569ec8,N/A,InProgress,2024-09-18,In Progress (No Issue Yet)
452d4951-a724-4535-8321-f90d17d7f5ec,N/A,InProgress,2024-09-17,In Progress (No Issue Yet)
ed07acd8-c5d7-4d3f-b71b-fa8fb415f541,N/A,InProgress,2024-09-17,In Progress (No Issue Yet)
c617fe4a-b2ff-4044-a509-e1d35d775ac9,N/A,InProgress,2024-09-17,In Progress (No Issue Yet)
79e5faf5-e7bc-4aae-aed5-63e25758caaf,N/A,InProgress,2024-09-17,In Progress (No Issue Yet)
f17f2d37-b25a-44ee-a1e5-220f42d6ac2e,N/A,InProgress,2024-09-17,In Progress (No Issue Yet)
505a5c39-9d6c-4eed-8d24-2f44347fa822,N/A,InProgress,2024-09-17,In Progress (No Issue Yet)
5be0ffee-42ca-4c13-9d0b-24d90f8b8c6f,N/A,InProgress,2024-09-13,In Progress (No Issue Yet)
e3ddd86e-b4d0-449e-b8da-dde536841454,N/A,InProgress,2024-09-13,In Progress (No Issue Yet)
fc19baf2-a153-40ce-bcff-3258cfc06eba,N/A,InProgress,2024-09-13,In Progress (No Issue Yet)
520ee2ca-3d3b-4aef-91bb-440bc171975f,N/A,InProgress,2024-09-11,In Progress (No Issue Yet)
880da3ea-238d-48d5-8d8f-4aa9a75c516d,N/A,InProgress,2024-09-11,In Progress (No Issue Yet)
7111ddc6-b335-4f02-87a0-93dee10ed25b,N/A,InProgress,2024-09-11,In Progress (No Issue Yet)
69c67e4e-5c48-40db-80b8-ef3b6c65ecdc,N/A,InProgress,2024-09-10,In Progress (No Issue Yet)
a24f3687-cbd3-4735-a168-f5f8de19adeb,N/A,InProgress,2024-09-04,In Progress (No Issue Yet)
015c8a6c-271a-4916-8a02-ea0c02379a2d,N/A,InProgress,2024-09-03,In Progress (No Issue Yet)
6d034d55-8d4a-4b61-8948-e22980b0ef22,900,SubmittedPendingReview,2024-09-03,API Match
29901100-386c-4a57-80ca-fb36be7795cb,N/A,InProgress,2024-08-30,In Progress (No Issue Yet)
26c7090f-02e1-4129-a8af-4ae02612d6f2,N/A,InProgress,2024-08-30,In Progress (No Issue Yet)
c174ee14-5643-4bcb-bf48-754b1c8f5046,N/A,InProgress,2024-08-27,In Progress (No Issue Yet)
78adc092-85b9-4794-bb95-429561ee2ab2,N/A,InProgress,2024-08-27,In Progress (No Issue Yet)
3c254d7f-1c30-4d5c-9db7-0374141d585f,N/A,InProgress,2024-08-26,In Progress (No Issue Yet)
d31b7eec-1dab-46a8-8450-18b0bf799a6a,N/A,InProgress,2024-08-26,In Progress (No Issue Yet)
90ee2526-1d75-4ee7-825f-ea3f8c6ed3d4,N/A,InProgress,2024-08-17,In Progress (No Issue Yet)
d2694c50-e3e0-40cb-9478-a5caab04308d,N/A,InProgress,2024-08-17,In Progress (No Issue Yet)
7911f8fa-2d96-4af0-befc-1fa237667e77,N/A,InProgress,2024-08-17,In Progress (No Issue Yet)
2508685a-fbd2-4cf7-abbf-8a8eaca6e2e6,N/A,InProgress,2024-08-17,In Progress (No Issue Yet)
181c9c21-3e82-4199-92d2-2051bee085cd,N/A,InProgress,2024-08-17,In Progress (No Issue Yet)
29f93258-e690-457b-ad0a-7a16657a8c13,N/A,InProgress,2024-08-15,In Progress (No Issue Yet)
9b97e5d1-9cd8-4981-b947-b7bcf49c4893,821,SubmittedPendingReview,2024-08-12,API Match
7fd568df-8cd0-440f-bf14-768e023708d0,N/A,InProgress,2024-08-06,In Progress (No Issue Yet)
c10b227e-e09c-448d-9a5c-c4fb27fda7a2,N/A,InProgress,2024-08-06,In Progress (No Issue Yet)
a52ea433-8f58-4c73-83be-25b8a2081edd,N/A,InProgress,2024-08-05,In Progress (No Issue Yet)
0a743837-039a-452f-bb4e-6f2a578fa117,816,SubmittedPendingReview,2024-08-05,API Match
5c3ef55f-eedf-44dc-bf47-1614106111a5,814,SubmittedPendingReview,2024-08-05,API Match
a76a4850-1576-496d-afa0-6c88d4fb8c71,N/A,InProgress,2024-07-27,In Progress (No Issue Yet)
3c58aad3-bf9a-4e13-bb76-54c10a30f870,N/A,InProgress,2024-07-27,In Progress (No Issue Yet)
98a17651-2d2c-4f07-93b1-b291891a3374,N/A,InProgress,2024-07-27,In Progress (No Issue Yet)
41d02cf3-70fb-4846-a7f3-509300c0f792,N/A,InProgress,2024-07-27,In Progress (No Issue Yet)
6e13b763-ce81-4e39-9622-904f26d0b249,N/A,InProgress,2024-07-27,In Progress (No Issue Yet)
9bb995c5-a8c0-4a10-8da0-fa9c2b5e1a50,N/A,InProgress,2024-07-27,In Progress (No Issue Yet)
11d28449-7be5-423a-a5b6-000a0f0024a6,N/A,InProgress,2024-07-27,In Progress (No Issue Yet)
9a2d479b-fd4b-4335-9a59-5b238e95e5f7,N/A,InProgress,2024-07-27,In Progress (No Issue Yet)
bb88acfb-46f6-4a73-af4c-faddfe9edadc,N/A,InProgress,2024-07-27,In Progress (No Issue Yet)
0db7898b-eddc-4a2f-ac6b-b99bd6349baa,N/A,InProgress,2024-07-27,In Progress (No Issue Yet)
f16af82c-5b6c-4cd3-92db-fdd71812dfe0,N/A,InProgress,2024-07-27,In Progress (No Issue Yet)
d654f00c-5181-4315-a35d-38d74c15812c,N/A,InProgress,2024-07-27,In Progress (No Issue Yet)
9c869eb4-29d2-493d-840b-f4b70e49cc4c,N/A,InProgress,2024-07-27,In Progress (No Issue Yet)
fbf9c457-8c5f-45bf-8c47-04f7e3e8f04a,N/A,InProgress,2024-07-27,In Progress (No Issue Yet)
7fcf36b2-b450-46a8-b5dd-577cc5e760cd,N/A,InProgress,2024-07-27,In Progress (No Issue Yet)
7220617c-fd89-420b-8b32-cb5187377f84,N/A,InProgress,2024-07-27,In Progress (No Issue Yet)
7ce454cc-33ce-4c67-ad68-b9735c17bcd2,N/A,InProgress,2024-07-27,In Progress (No Issue Yet)
654ba843-946d-42b5-a152-055895429e0d,797,SubmittedPendingReview,2024-07-27,API Match
164834d2-4432-4c73-abaf-1528eb2d8377,799,SubmittedPendingReview,2024-07-27,API Match
09f3ea6d-78be-499b-abb7-a58298ab5161,798,SubmittedPendingReview,2024-07-27,API Match
d6293e5e-6fed-4705-ae1e-790749e2e094,801,ApprovedHeld,2024-07-25,API Match
54d154bf-6fd3-4b43-8aba-dd874a222894,800,SubmittedPendingReview,2024-07-25,API Match
0890d98f-1a89-457e-ac29-816c1c385074,802,ApprovedHeld,2024-07-25,API Match
e14709b3-90c4-4b7c-9482-7259d3dcbbce,776,Released,2024-07-19,API Match
70668661-7c62-4bc3-8348-0c21bd8bc2e2,N/A,InProgress,2024-07-19,In Progress (No Issue Yet)
42d0f524-ddf1-42af-b339-339727c5deea,N/A,InProgress,2024-07-19,In Progress (No Issue Yet)
db3920c1-3769-4040-a191-f15636ca007c,N/A,InProgress,2024-07-19,In Progress (No Issue Yet)
a0cb474a-d737-4b55-a65d-69b66a16c2c4,N/A,InProgress,2024-07-19,In Progress (No Issue Yet)
d247625d-746b-4da3-8761-0885b3a5b796,N/A,InProgress,2024-07-19,In Progress (No Issue Yet)
970e8453-da16-4daa-8280-b8c3321cb990,N/A,InProgress,2024-07-19,In Progress (No Issue Yet)
ad763d31-d836-42f8-abfb-37bee69748db,N/A,InProgress,2024-07-19,In Progress (No Issue Yet)
d2330019-cee0-458c-aba3-0072f15cc6bb,N/A,InProgress,2024-07-19,In Progress (No Issue Yet)
c67ba3a5-a9e9-4bd0-ad17-fd77662dd33c,N/A,InProgress,2024-07-19,In Progress (No Issue Yet)
147408ea-2e91-44aa-93c3-7fa013acee6e,N/A,InProgress,2024-07-17,In Progress (No Issue Yet)
e81103eb-065f-4c1c-bdb9-9d4ab87b1e7e,N/A,InProgress,2024-07-12,In Progress (No Issue Yet)
f2d79f2e-8b2a-4577-a93b-bdef7be11d32,755,SubmittedPendingReview,2024-07-09,API Match
a5e563f8-f699-42ea-a4fd-994e43d6ab31,756,SubmittedPendingReview,2024-07-09,API Match
b3acf8b2-4976-4b76-b9ea-99ebe9e01132,N/A,InProgress,2024-07-02,In Progress (No Issue Yet)
90a79eea-6758-4679-bfbe-3a993d8dcab5,N/A,InProgress,2024-06-28,In Progress (No Issue Yet)
024b1dde-d91b-444a-9ab2-c5a9f239f53a,N/A,InProgress,2024-06-27,In Progress (No Issue Yet)
023da3ca-0fa3-49cc-9037-78437962d3d3,N/A,InProgress,2024-06-24,In Progress (No Issue Yet)
b5457121-d98f-422a-a467-9e0132cb6a4a,N/A,InProgress,2024-06-07,In Progress (No Issue Yet)
2eae6c4b-2766-4057-8800-0fb63ee63fe3,N/A,InProgress,2024-06-07,In Progress (No Issue Yet)
1738c087-3578-4e65-8489-0a52375b9f49,N/A,InProgress,2024-06-04,In Progress (No Issue Yet)
6c4f6b5d-ec30-4e33-b54b-ac164cd773d0,N/A,InProgress,2024-05-29,In Progress (No Issue Yet)
7db19acc-c780-4394-81c3-596933c59e53,N/A,InProgress,2024-05-25,In Progress (No Issue Yet)
a2cba002-2b81-446c-959b-4b933b3424ef,1400,SubmittedPendingReview,2024-05-17,Manual Match
9dac030b-1950-4602-ac68-7998d866798f,N/A,InProgress,2024-05-16,In Progress (No Issue Yet)
90b0989f-273d-492a-adb0-2fb307406d93,N/A,InProgress,2024-05-14,In Progress (No Issue Yet)
1a4197ad-34ad-43e9-8ab0-840575cd9be6,N/A,InProgress,2024-05-13,In Progress (No Issue Yet)
53724f5e-e573-4c59-87e6-e2c14f7fc245,N/A,InProgress,2024-05-08,In Progress (No Issue Yet)
3b764499-ac47-4247-bee9-4ce277b32102,728,SubmittedPendingReview,2024-05-04,API Match
f9224159-a6ee-4f31-8ec9-559dbbc33406,N/A,InProgress,2024-05-03,In Progress (No Issue Yet)
108e4196-74e0-4cd9-91fc-a8cb43bb3d5c,N/A,InProgress,2024-05-01,In Progress (No Issue Yet)
8f27ab38-d406-498f-9798-7c4749401aad,N/A,InProgress,2024-04-26,In Progress (No Issue Yet)
9f120724-143d-44b6-815a-5c47023e8520,N/A,InProgress,2024-04-17,In Progress (No Issue Yet)
e8064f71-f159-49c8-8d61-d0d9db34a0b6,731,SubmittedPendingReview,2024-04-15,API Match
041c6dc4-d2cc-4022-afc1-33980f95e0c1,729,SubmittedPendingReview,2024-04-15,API Match
adc54fc8-2c94-457d-9b5c-89d7f005fb59,999,SubmittedPendingReview,2024-04-11,Manual Match
d37cf1b0-cb19-4ab7-8cdb-014443265f13,N/A,InProgress,2024-04-11,In Progress (No Issue Yet)
27a5d00b-df6d-4456-8d40-9e45e9c30f55,732,SubmittedPendingReview,2024-04-11,API Match
a5c825f3-cf64-4abb-b222-f665b5020c1f,N/A,InProgress,2024-04-10,In Progress (No Issue Yet)
16926ab9-c9fe-4e7f-b7f4-5d976b5e89b8,N/A,InProgress,2024-04-10,In Progress (No Issue Yet)
270562a0-9ea7-4137-9a64-851d0f4938f8,N/A,InProgress,2024-04-10,In Progress (No Issue Yet)
0ea9175b-c4c1-4884-8595-fee507562f76,N/A,InProgress,2024-04-10,In Progress (No Issue Yet)
5bae5ccd-8760-4021-b204-1d9e15bdf70c,N/A,InProgress,2024-04-10,In Progress (No Issue Yet)
1236b376-9cc5-4272-a5a6-b11871486e70,N/A,InProgress,2024-04-10,In Progress (No Issue Yet)
52098ce7-0e09-42d2-97bc-67f4d9004f0c,N/A,InProgress,2024-04-10,In Progress (No Issue Yet)
e55605fe-8e32-4ff6-8dd0-18de0fc9df19,N/A,InProgress,2024-03-31,In Progress (No Issue Yet)
81041da9-3b7a-40c9-a66b-5166ccb3367e,667,ApprovedHeld,2024-03-28,Manual Match
df1d2ba5-33be-43d0-b4b9-e5d57ace3f70,1100,ApprovedHeld,2024-03-26,Manual Match
19b5958e-45d9-450c-b048-c805ae9a238e,N/A,InProgress,2024-03-26,In Progress (No Issue Yet)
ba8c92d2-e946-4fc3-b2c7-97e90fd8031a,N/A,InProgress,2024-03-26,In Progress (No Issue Yet)
d2956ddf-ce59-4621-965c-ecebbd01e290,N/A,InProgress,2024-03-21,In Progress (No Issue Yet)
20ca31bf-5c39-452a-bb52-d51e3ff2a3ce,N/A,InProgress,2024-03-19,In Progress (No Issue Yet)
a42ed90c-78a0-480a-81e0-c1f0a51aa57a,N/A,InProgress,2024-03-18,In Progress (No Issue Yet)
279943d5-8d01-4f2c-a028-1fbb3b349c94,1397,ApprovedHeld,2024-03-15,API Match
b78e1ceb-7108-4d6d-a824-76976e5c9fe1,N/A,InProgress,2024-03-14,In Progress (No Issue Yet)
2368a6e4-3b5f-47d0-9cd1-8cd679d7a79f,N/A,InProgress,2024-03-14,In Progress (No Issue Yet)
818ee230-268b-4d7c-b3c6-60e64cc2dc9a,N/A,InProgress,2024-03-11,In Progress (No Issue Yet)
2f9865a7-ea32-4b3e-a1cc-b678a589386e,N/A,InProgress,2024-03-07,In Progress (No Issue Yet)
4cec8267-ea2b-40ce-acb6-ec8bfec2a9f7,N/A,InProgress,2024-03-06,In Progress (No Issue Yet)
742f5807-2543-445d-8518-7c87ca3b8963,N/A,InProgress,2024-03-01,In Progress (No Issue Yet)
9b09eafb-cb33-4518-bbbe-5d57ccbe0a12,N/A,InProgress,2024-03-01,In Progress (No Issue Yet)
2568ea35-079d-4952-b8e9-c6b28de6c72e,662,InProgress,2024-02-21,API Match
805163e4-122b-427d-a87d-ccdec209fd2f,N/A,InProgress,2024-02-15,In Progress (No Issue Yet)
7a3aec1e-b0b0-4c74-9a2d-ed3256c45c86,N/A,InProgress,2024-02-15,In Progress (No Issue Yet)
2908329c-8a8c-47ba-b72f-5fcac59eb564,N/A,InProgress,2024-02-14,In Progress (No Issue Yet)
75ee00b8-9804-46f8-a8e5-3dd7ed5cabdd,N/A,InProgress,2024-02-14,In Progress (No Issue Yet)
41050f41-8986-4b0a-a0cc-ff796861cb60,N/A,InProgress,2024-02-14,In Progress (No Issue Yet)
27a426ed-c757-4f2a-b019-963b61c6bbe1,993,SubmittedPendingReview,2024-02-12,API Match
719ad6cf-f709-4c1e-bff0-dbdbcff27a24,899,SubmittedPendingReview,2024-02-09,API Match
e2b19b88-ae30-4b10-813a-74b47c067989,N/A,InProgress,2024-02-06,In Progress (No Issue Yet)
ba4e357d-4696-4bcd-bf4b-b0a75ef5cd1e,N/A,InProgress,2024-02-03,In Progress (No Issue Yet)
f61a9ebc-5b1b-431f-86e7-49fdd77ca67c,N/A,InProgress,2024-01-31,In Progress (No Issue Yet)
f1da9fa9-fa89-4063-8f92-9f3b76545a47,664,InProgress,2024-01-30,API Match
b7ced6ba-3ccf-4db1-9307-a21aa3d049b7,N/A,InProgress,2024-01-29,In Progress (No Issue Yet)
8ee26111-87b7-4714-a917-68305c8b404b,N/A,InProgress,2024-01-25,In Progress (No Issue Yet)
6f08a839-1634-44de-85f8-12166dd47232,N/A,InProgress,2024-01-22,In Progress (No Issue Yet)
c41dfeac-102e-43b2-adae-6a67f25791f0,660,ApprovedHeld,2024-01-18,API Match
7f29bd0b-4616-40d3-aac7-24e450f9f5dc,579,SubmittedPendingReview,2024-01-09,API Match
6f99e199-c6c3-4d79-aac6-57446fde26f4,N/A,InProgress,2023-12-01,In Progress (No Issue Yet)
12c7699d-b0e4-4ef9-bc98-8ffc57183d54,N/A,InProgress,2023-11-20,In Progress (No Issue Yet)
3ebdb329-42ad-427f-bf25-7dc74fc4cc72,1101,SubmittedPendingReview,2023-11-15,Manual Match
a6c981fd-bdf3-418f-a594-bb651b6c0a3b,N/A,InProgress,2023-11-06,In Progress (No Issue Yet)
426e6642-b49e-4fd1-9d5d-c88e08670d61,N/A,InProgress,2023-11-04,In Progress (No Issue Yet)
5a3fd857-b0e5-4c01-8b48-b95dac0615aa,577,SubmittedPendingReview,2023-10-31,API Match
c0b0e03c-1d58-404f-aaef-43d948d14969,575,SubmittedPendingReview,2023-10-07,API Match
09fbb177-8668-4c7a-8a35-90f9efc9a2a0,N/A,InProgress,2023-09-25,In Progress (No Issue Yet)
80f5752b-e8d3-453f-9a47-f48210ed6ffc,581,Released,2023-09-21,API Match
7c00e814-c707-4541-8cb1-90703e93afbd,N/A,InProgress,2023-09-14,In Progress (No Issue Yet)
4b2aa292-c220-43a6-a71d-d041906f27db,576,SubmittedPendingReview,2023-06-29,API Match
e5b4c95d-e369-479f-b2b0-f8b8187d768a,N/A,InProgress,2023-05-26,In Progress (No Issue Yet)
ff52a846-447a-49e4-8c58-ab1643743294,N/A,InProgress,2023-05-12,In Progress (No Issue Yet)
c51acea6-88ba-4fd3-b369-5253fdc84904,574,SubmittedPendingReview,2023-05-09,API Match
17076180-cbcb-4781-8311-0aaf28b4e7c8,569,SubmittedPendingReview,2023-05-01,API Match
2150a511-b7de-4108-9825-2b801b14ac55,N/A,InProgress,2023-04-21,In Progress (No Issue Yet)
cd28fd77-5b35-4653-a5de-5a53b1741bc3,N/A,InProgress,2023-04-14,In Progress (No Issue Yet)
d32b5eb6-71e8-4c98-8a57-3e64d05718b4,N/A,Released,2023-04-03,Pre-2024 (No Issue)
353d751f-cff0-4558-9051-25a87ba00d3f,N/A,InProgress,2023-03-29,In Progress (No Issue Yet)
057c568e-55a9-4a81-8a3b-f3b8e15b99d2,N/A,InProgress,2023-03-15,In Progress (No Issue Yet)
1cd2a147-0abb-4451-8f0c-5cb83fef5f59,N/A,InProgress,2023-02-28,In Progress (No Issue Yet)
7eff788f-668a-4f46-87af-b776c6aa71db,N/A,InProgress,2023-02-28,In Progress (No Issue Yet)
8cde1372-fd6c-48e2-928b-1a59896c2b72,N/A,InProgress,2023-02-22,In Progress (No Issue Yet)
0989cfbd-a832-43ac-a105-6a7626017cd8,N/A,InProgress,2023-02-21,In Progress (No Issue Yet)
a2c2b0e9-ea12-4742-a597-59b3dcc1997f,N/A,InProgress,2023-02-17,In Progress (No Issue Yet)
f4ba9ed0-5d6e-4a91-b373-5effc3c4720c,N/A,InProgress,2023-02-14,In Progress (No Issue Yet)
10b0ca27-5c01-4d76-bb08-5df7f10f09b8,N/A,InProgress,2023-01-19,In Progress (No Issue Yet)
a60c894c-798d-40b6-967c-f3213eed348e,N/A,InProgress,2022-12-29,In Progress (No Issue Yet)
96338967-2617-4258-9ddb-9383f438faaf,N/A,InProgress,2022-12-15,In Progress (No Issue Yet)
86980cf9-6e8f-4fe9-9dbf-a17eacff862d,N/A,InProgress,2022-12-15,In Progress (No Issue Yet)
60040b2d-cb2e-4fdd-9b26-5a66973d4414,N/A,InProgress,2022-12-02,In Progress (No Issue Yet)
1d87912e-9c22-4717-acf3-483a9335e770,589,InProgress,2022-11-16,API Match
e3b3be26-7da9-417d-b3a6-4fc747a1d586,921,Released,2022-10-20,Manual Match
3f6d765d-18e2-4fb4-8209-456a3b9d1a86,591,InProgress,2022-08-31,API Match
ad6a2a03-9229-463c-aeb6-29e1eb90b58f,594,InProgress,2022-08-05,API Match
3ef1bf58-337e-4346-b52f-005fb610fb26,593,InProgress,2022-08-02,API Match
53da7915-3809-48bd-92b9-42a793b92aaa,590,InProgress,2022-07-16,API Match
23eec707-52b1-4865-b7d5-2fb251a5a4e5,N/A,Released,2022-05-25,Pre-2024 (No Issue)
f9882a44-8aa0-40bf-9084-0fdcfe41243e,592,Released,2022-05-17,API Match
